{
    "syshud_menu_empty_lobby_title": "Create Empty Lobby",
    "syshud_menu_empty_lobby_description": "Create a contractless multiplayer lobby. (defaults to friends-only)",

    "syshud_options_title": "SYSTEM HUD",
    "syshud_options_description": "",

    "syshud_option_toggleble_interaction_title": "Toggleble Interaction",
    "syshud_option_toggleble_interaction_description": "Makes interactions a toggle.",

    "syshud_option_toggleble_interaction_nin_timer_title": "Minimum Interaction Timer",
    "syshud_option_toggleble_interaction_nin_timer_description": "Only applies to interactions.",

    "syshud_option_toggleble_equipment_title": "Toggleble Equipment",
    "syshud_option_toggleble_equipment_description": "Makes deploying equipment a toggle.",

    "syshud_option_toggleble_mask_title": "Toggleble Mask",
    "syshud_option_toggleble_mask_description": "Makes equipping mask a toggle.",

    "syshud_options_empty_lobby_title": "Create Empty Lobby",
    "syshud_options_empty_lobby_description": "Adds a button to the main menu to create a contractless multiplayer lobby. (defaults to friends-only)",

    "syshud_options_steam_inventory_lobby_title": "Steam Inventory in Lobby",
    "syshud_options_steam_inventory_lobby_description": "Adds the steam items button in the game lobbys.",

    "syshud_options_skip_black_screen_title": "Skip Black Screen",
    "syshud_options_skip_black_screen_description": "Skips the black screen when loading into a heist.",

    "syshud_options_skip_stat_screen_title": "Skip Stat Screen",
    "syshud_options_skip_stat_screen_description": "Skips the stat screen at the end of a heist.",

    "syshud_options_skip_stat_screen_timer_title": "Skip Stat Screen Timer",
    "syshud_options_skip_stat_screen_timer_description": "Skips the stat screen after a set amount of time.",
    
    "syshud_options_skip_card_screen_title": "Skip Card Screen",
    "syshud_options_skip_card_screen_description": "Skips the card screen at the end of a heist.",

    "syshud_options_skip_card_screen_timer_title": "Skip Card Screen Timer",
    "syshud_options_skip_card_screen_timer_description": "Skips the card screen after a set amount of time.",

    "syshud_options_mask_outfit_screen_title": "Mask in Outfit Screen",
    "syshud_options_mask_outfit_screen_description": "Shows the mask in the outfit screen."
}