{
	"menu_id": "syshud_options_menu",
	"parent_menu_id": "blt_options",
	"title": "syshud_options_title",
	"description": "syshud_options_description",
	"back_callback": "SYSHUDSave",
	"items": [
		{
			"type": "toggle",
			"callback": "SYSHUDToggleOption",
			"id": "toggleable_interaction",
			"value": "toggleable_interaction",
			"title": "syshud_option_toggleable_interaction_title",
			"description": "syshud_option_toggleable_interaction_description"
		},
		{
			"type": "slider",
			"callback": "SYSHUDGenericOption",
			"id": "toggleable_min_interaction_duration",
			"value": "toggleable_min_interaction_duration",
			"title": "syshud_option_toggleable_interaction_nin_timer_title",
			"description": "syshud_option_toggleable_interaction_nin_timer_description",
			"min": 0,
			"max": 10,
			"step": 0.5
		},
		{
			"type": "toggle",
			"callback": "SYSHUDToggleOption",
			"id": "toggleable_equipment",
			"value": "toggleable_equipment",
			"title": "syshud_option_toggleable_equipment_title",
			"description": "syshud_option_toggleable_equipment_description"
		},
		{
			"type": "toggle",
			"callback": "SYSHUDToggleOption",
			"id": "toggleable_mask",
			"value": "toggleable_mask",
			"title": "syshud_option_toggleable_mask_title",
			"description": "syshud_option_toggleable_mask_description"
		},
		{
			"type" : "divider",
			"size" : 10
		},
		{
			"type": "toggle",
			"callback": "SYSHUDToggleOption",
			"id": "hold_to_pick",
			"value": "hold_to_pick",
			"title": "syshud_options_hold_to_pick_title",
			"description": "syshud_options_hold_to_pick_description"
		},
		{
			"type" : "divider",
			"size" : 10
		},
		{
			"type": "toggle",
			"callback": "SYSHUDToggleOption",
			"id": "empty_lobby",
			"value": "empty_lobby",
			"title": "syshud_options_empty_lobby_title",
			"description": "syshud_options_empty_lobby_description"
		},
		{
			"type": "toggle",
			"callback": "SYSHUDToggleOption",
			"id": "steam_inventory_lobby",
			"value": "steam_inventory_lobby",
			"title": "syshud_options_steam_inventory_lobby_title",
			"description": "syshud_options_steam_inventory_lobby_description"
		},
		{
			"type" : "divider",
			"size" : 10
		},
		{
			"type": "toggle",
			"callback": "SYSHUDToggleOption",
			"id": "skip_black_screen",
			"value": "skip_black_screen",
			"title": "syshud_options_skip_black_screen_title",
			"description": "syshud_options_skip_black_screen_description"
		},
		{
			"type": "toggle",
			"callback": "SYSHUDToggleOption",
			"id": "skip_stat_screen",
			"value": "skip_stat_screen",
			"title": "syshud_options_skip_stat_screen_title",
			"description": "syshud_options_skip_stat_screen_description"
		},
		{
			"type": "slider",
			"callback": "SYSHUDGenericOption",
			"id": "skip_stat_screen_timer",
			"value": "skip_stat_screen_timer",
			"title": "syshud_options_skip_stat_screen_timer_title",
			"description": "syshud_options_skip_stat_screen_timer_description",
			"min": 3,
			"max": 20,
			"step": 1
		},
		{
			"type": "toggle",
			"callback": "SYSHUDToggleOption",
			"id": "skip_card_screen",
			"value": "skip_card_screen",
			"title": "syshud_options_skip_card_screen_title",
			"description": "syshud_options_skip_card_screen_description"
		},
		{
			"type": "slider",
			"callback": "SYSHUDGenericOption",
			"id": "skip_card_screen_timer",
			"value": "skip_card_screen_timer",
			"title": "syshud_options_skip_card_screen_timer_title",
			"description": "syshud_options_skip_card_screen_timer_description",
			"min": 5,
			"max": 20,
			"step": 1
		},
		{
			"type" : "divider",
			"size" : 10
		},
		{
			"type": "toggle",
			"callback": "SYSHUDToggleOption",
			"id": "mask_outfit_screen",
			"value": "mask_outfit_screen",
			"title": "syshud_options_mask_outfit_screen_title",
			"description": "syshud_options_mask_outfit_screen_description"
		}
	]
}
